{
  "nodes" : [ {
    "coordX" : 263.0,
    "coordY" : 394.5,
    "info" : "21",
    "color" : {
      "red" : 0.9019607901573181,
      "green" : 0.3019607961177826,
      "blue" : 0.3019607961177826,
      "opacity" : 1.0,
      "opaque" : true,
      "hue" : 0.0,
      "saturation" : 0.6652173803862192,
      "brightness" : 0.9019607901573181
    }
  }, {
    "coordX" : 355.0,
    "coordY" : 284.5,
    "info" : "22",
    "color" : {
      "red" : 0.9019607901573181,
      "green" : 0.3019607961177826,
      "blue" : 0.3019607961177826,
      "opacity" : 1.0,
      "opaque" : true,
      "hue" : 0.0,
      "saturation" : 0.6652173803862192,
      "brightness" : 0.9019607901573181
    }
  } ],
  "edges" : [ {
    "startNode" : {
      "coordX" : 263.0,
      "coordY" : 394.5,
      "info" : "21",
      "color" : {
        "red" : 0.9019607901573181,
        "green" : 0.3019607961177826,
        "blue" : 0.3019607961177826,
        "opacity" : 1.0,
        "opaque" : true,
        "hue" : 0.0,
        "saturation" : 0.6652173803862192,
        "brightness" : 0.9019607901573181
      }
    },
    "finishNode" : {
      "coordX" : 355.0,
      "coordY" : 284.5,
      "info" : "22",
      "color" : {
        "red" : 0.9019607901573181,
        "green" : 0.3019607961177826,
        "blue" : 0.3019607961177826,
        "opacity" : 1.0,
        "opaque" : true,
        "hue" : 0.0,
        "saturation" : 0.6652173803862192,
        "brightness" : 0.9019607901573181
      }
    },
    "weight" : null,
    "color" : {
      "red" : 0.0,
      "green" : 0.0,
      "blue" : 0.0,
      "opacity" : 1.0,
      "opaque" : true,
      "hue" : 0.0,
      "saturation" : 0.0,
      "brightness" : 0.0
    },
    "orient" : true
  } ],
  "nodeColors" : [ {
    "color" : [ 0.9019607901573181, 0.3019607961177826, 0.3019607961177826, 1.0 ]
  }, {
    "color" : [ 0.9019607901573181, 0.3019607961177826, 0.3019607961177826, 1.0 ]
  } ]
}